DATASET_TITLE,"House Price Statistics for Small Areas, 2013",,,,FROM,Jan-2013,Jan-2013,Jan-2013,Jan-2013,Jan-2013,Jan-2013,Jan-2013,Jan-2013,Jan-2013,Jan-2013
AREA_TYPE,Westminster Parliamentary Constituency,,,,TO,Dec-2013,Dec-2013,Dec-2013,Dec-2013,Dec-2013,Dec-2013,Dec-2013,Dec-2013,Dec-2013,Dec-2013
GEO_HIERARCHY,2011 Westminster Parliamentary Constituencies,,,,HEADING,Property Sales by Dwelling Type; All Types,Median House Price by Dwelling Type; All Types,Property Sales by Dwelling Type; Detached,Median House Price by Dwelling Type; Detached,Property Sales by Dwelling Type; Semi-detached,Median House Price by Dwelling Type; Semi-detached,Property Sales by Dwelling Type; Terraced,Median House Price by Dwelling Type; Terraced,Property Sales by Dwelling Type; Flats/Maisonettes,Median House Price by Dwelling Type; Flats/Maisonettes
,,,,,MEASUREMENT_UNIT,Count,Pounds Sterling,Count,Pounds Sterling,Count,Pounds Sterling,Count,Pounds Sterling,Count,Pounds Sterling
,,,,,STATISTICAL_UNIT,Dwellings,Dwellings,Dwellings,Dwellings,Dwellings,Dwellings,Dwellings,Dwellings,Dwellings,Dwellings
GOR_CODE,GOR_NAME,WPC_CODE,WPC_NAME,AREA_METADATA,,DATA_VALUE,DATA_VALUE,DATA_VALUE,DATA_VALUE,DATA_VALUE,DATA_VALUE,DATA_VALUE,DATA_VALUE,DATA_VALUE,DATA_VALUE
"E12000001","North East","E14000554","Berwick-upon-Tweed",,,966,155000,296,237250,256,130000,339,113960,75,110000
"E12000001","North East","E14000569","Bishop Auckland",,,1145,110000,319,172000,277,111500,522,69725,27,77500
"E12000001","North East","E14000574","Blaydon",,,1260,133973,266,209950,404,140000,517,105000,73,79000
"E12000001","North East","E14000575","Blyth Valley",,,1019,120000,201,189995,388,123250,321,104950,109,65000
"E12000001","North East","E14000641","City of Durham",,,1130,123750,255,210995,450,114288,346,100000,79,125000
"E12000001","North East","E14000658","Darlington",,,1158,113725,181,185000,504,118000,389,76500,84,100000
"E12000001","North East","E14000677","Easington",,,771,80000,164,174750,245,86500,342,60000,20,68498
"E12000001","North East","E14000709","Gateshead",,,970,117850,56,193000,279,135000,327,130000,308,92000
"E12000001","North East","E14000733","Hartlepool",,,953,115495,251,185000,367,120000,285,67000,50,56975
"E12000001","North East","E14000746","Hexham",,,884,214225,368,325000,212,165000,221,137000,83,130000
"E12000001","North East","E14000754","Houghton and Sunderland South",,,853,110000,182,179995,366,112500,262,77250,43,70000
"E12000001","North East","E14000765","Jarrow",,,823,115000,135,190000,363,119995,214,100000,111,68000
"E12000001","North East","E14000819","Middlesbrough",,,828,87000,27,179000,361,117000,402,61750,38,63750
"E12000001","North East","E14000820","Middlesbrough South and East Cleveland",,,1106,134950,348,201000,417,125000,283,86000,58,87500
"E12000001","North East","E14000831","Newcastle upon Tyne Central",,,793,124500,39,225000,265,125000,284,133000,205,99950
"E12000001","North East","E14000832","Newcastle upon Tyne East",,,899,136000,79,249265,151,145000,302,146500,367,115000
"E12000001","North East","E14000833","Newcastle upon Tyne North",,,1222,149950,270,249950,409,144950,385,124950,158,101725
"E12000001","North East","E14000840","North Durham",,,1032,105000,229,187000,299,124000,457,72000,47,72000
"E12000001","North East","E14000853","North Tyneside",,,1374,118250,238,199173,464,125000,438,104250,234,73000
"E12000001","North East","E14000856","North West Durham",,,1153,104000,343,175495,313,100000,480,74000,17,57000
"E12000001","North East","E14000891","Redcar",,,971,115000,210,179950,510,115250,224,78000,27,55000
"E12000001","North East","E14000915","Sedgefield",,,936,109000,284,180500,290,100000,344,65000,18,87500
"E12000001","North East","E14000944","South Shields",,,837,110000,72,237750,317,128500,291,102500,157,70000
"E12000001","North East","E14000970","Stockton North",,,1004,109973,204,195000,423,104000,336,89973,41,70000
"E12000001","North East","E14000971","Stockton South",,,1447,142000,554,197000,522,125000,281,110000,90,81125
"E12000001","North East","E14000982","Sunderland Central",,,1045,112000,88,200000,339,136250,511,89000,107,85000
"E12000001","North East","E14001006","Tynemouth",,,1570,163000,181,263509,490,170500,535,171750,364,102750
"E12000001","North East","E14001014","Wansbeck",,,1009,111450,235,191000,284,112000,413,77000,77,69950
"E12000001","North East","E14001020","Washington and Sunderland West",,,813,108000,179,225000,298,110000,273,86000,63,56000
"E12000002","North West","E14000532","Altrincham and Sale West",,,1671,236000,382,377500,649,230000,399,210000,241,140000
"E12000002","North West","E14000537","Ashton-under-Lyne",,,728,94750,65,175000,300,115000,341,77000,22,74750
"E12000002","North West","E14000543","Barrow and Furness",,,1309,115000,195,220000,393,142500,651,85000,70,48000
"E12000002","North West","E14000559","Birkenhead",,,928,110000,114,210000,341,128000,325,78000,148,76500
"E12000002","North West","E14000570","Blackburn",,,957,95000,135,167995,284,120000,501,79000,37,61000
"E12000002","North West","E14000571","Blackley and Broughton",,,978,100000,102,179998,273,115000,356,82500,247,99000
"E12000002","North West","E14000572","Blackpool North and Cleveleys",,,1176,109725,186,174500,622,110000,270,85000,98,68750
"E12000002","North West","E14000573","Blackpool South",,,940,90000,79,177000,331,110000,451,76000,79,56750
"E12000002","North West","E14000578","Bolton North East",,,974,110000,160,199975,290,125000,382,75000,142,84245
"E12000002","North West","E14000579","Bolton South East",,,894,81500,83,185000,316,105000,380,71250,115,54950
"E12000002","North West","E14000580","Bolton West",,,1224,125000,322,215000,390,122500,430,99998,82,89250
"E12000002","North West","E14000581","Bootle",,,877,105995,87,183255,340,125000,378,76225,72,65500
"E12000002","North West","E14000609","Burnley",,,996,73000,117,174000,243,115000,608,50000,28,65000
"E12000002","North West","E14000611","Bury North",,,1148,121500,221,223000,341,134000,475,96000,111,96500
"E12000002","North West","E14000612","Bury South",,,1070,125000,181,207500,441,136000,363,99950,85,79950
"E12000002","North West","E14000620","Carlisle",,,1238,115250,239,185000,410,120000,473,92000,116,76000
"E12000002","North West","E14000627","Cheadle",,,1359,200000,402,315000,608,189975,211,147000,138,119500
"E12000002","North West","E14000637","Chorley",,,1412,145000,481,225000,441,137000,408,102750,82,94726
"E12000002","North West","E14000640","City of Chester",,,1491,177000,314,281000,508,187250,460,150000,209,131000
"E12000002","North West","E14000646","Congleton",,,1496,162000,604,232000,508,140000,302,121492,82,98000
"E12000002","North West","E14000647","Copeland",,,1014,122498,247,215000,357,120000,365,84500,45,92500
"E12000002","North West","E14000653","Crewe and Nantwich",,,1483,136050,464,229250,507,124995,418,103000,94,101500
"E12000002","North West","E14000661","Denton and Reddish",,,1051,114000,111,199750,470,125000,416,92250,54,77000
"E12000002","North West","E14000686","Eddisbury",,,1052,200000,501,270000,341,155000,192,119500,18,120000
"E12000002","North West","E14000688","Ellesmere Port and Neston",,,1043,143000,337,208000,413,132050,225,99000,68,74000
"E12000002","North West","E14000706","Fylde",,,1375,165000,398,246998,461,150000,252,140361,264,114500
"E12000002","North West","E14000708","Garston and Halewood",,,1037,134995,208,222250,433,146000,316,99725,80,72500
"E12000002","North West","E14000725","Halton",,,1063,121995,302,228997,352,125000,368,80000,41,81950
"E12000002","North West","E14000738","Hazel Grove",,,1127,170000,325,245000,466,158500,254,135000,82,100000
"E12000002","North West","E14000747","Heywood and Middleton",,,1051,120000,231,193500,367,125000,408,80000,45,82000
"E12000002","North West","E14000758","Hyndburn",,,1128,88500,145,183000,283,123950,682,69000,18,69750
"E12000002","North West","E14000775","Knowsley",,,777,100000,143,189995,358,110000,237,71500,39,65000
"E12000002","North West","E14000776","Lancaster and Fleetwood",,,1076,125000,172,230000,335,135000,443,115000,126,95000
"E12000002","North West","E14000785","Leigh",,,1104,108250,228,180000,436,117000,385,74000,55,63000
"E12000002","North West","E14000793","Liverpool, Riverside",,,1318,124000,38,297500,131,180000,431,124950,718,110750
"E12000002","North West","E14000794","Liverpool, Walton",,,720,75000,23,161000,182,99975,479,64950,36,69000
"E12000002","North West","E14000795","Liverpool, Wavertree",,,1005,120000,41,340000,329,172000,571,86500,64,107500
"E12000002","North West","E14000796","Liverpool, West Derby",,,666,97750,106,165000,242,120000,274,72000,44,61000
"E12000002","North West","E14000802","Macclesfield",,,1399,175000,409,307500,377,180000,475,125000,138,117125
"E12000002","North West","E14000805","Makerfield",,,1019,118000,253,175000,458,115500,297,82000,11,72000
"E12000002","North West","E14000807","Manchester Central",,,1574,124000,45,157375,181,113996,454,91250,894,139000
"E12000002","North West","E14000808","Manchester, Gorton",,,829,107500,36,204500,260,144950,429,86000,104,95000
"E12000002","North West","E14000809","Manchester, Withington",,,1368,190000,59,399950,516,205000,413,223000,380,145000
"E12000002","North West","E14000825","Morecambe and Lunesdale",,,1272,129000,244,210000,566,125000,345,105000,117,71500
"E12000002","North West","E14000870","Oldham East and Saddleworth",,,1011,118000,158,229750,324,132000,480,83500,49,113000
"E12000002","North West","E14000871","Oldham West and Royton",,,846,104500,89,184000,321,123000,408,77000,28,70000
"E12000002","North West","E14000875","Pendle",,,1117,85000,128,240000,226,120000,744,70000,19,115000
"E12000002","North West","E14000877","Penrith and The Border",,,1086,170000,416,236725,308,154000,306,125000,56,116500
"E12000002","North West","E14000885","Preston",,,855,92000,66,167475,208,116750,464,85000,117,61000
"E12000002","North West","E14000894","Ribble Valley",,,1408,157500,445,255000,461,145000,451,125000,51,95000
"E12000002","North West","E14000897","Rochdale",,,979,110000,209,200000,298,114500,443,82000,29,72000
"E12000002","North West","E14000902","Rossendale and Darwen",,,1142,112000,281,191995,255,125000,583,78000,23,90000
"E12000002","North West","E14000911","Salford and Eccles",,,1402,108750,80,214500,363,125000,419,87500,540,104250
"E12000002","North West","E14000916","Sefton Central",,,1008,167750,206,268998,531,164250,121,127500,150,130000
"E12000002","North West","E14000943","South Ribble",,,1257,155000,427,219500,571,144000,209,105000,50,86975
"E12000002","North West","E14000958","Southport",,,1230,140000,250,249995,577,140000,108,121750,295,94000
"E12000002","North West","E14000962","St Helens North",,,991,115000,191,184995,439,117000,330,80000,31,79950
"E12000002","North West","E14000963","St Helens South and Whiston",,,961,110000,192,199995,391,121000,309,72500,69,84995
"E12000002","North West","E14000967","Stalybridge and Hyde",,,964,120000,142,200000,303,135000,451,100000,68,78000
"E12000002","North West","E14000969","Stockport",,,1091,135000,118,280000,458,154600,402,113250,113,97500
"E12000002","North West","E14000979","Stretford and Urmston",,,1135,152500,106,240000,573,160000,324,135000,132,91500
"E12000002","North West","E14000987","Tatton",,,1426,240000,490,400000,389,217500,319,185000,228,151000
"E12000002","North West","E14001010","Wallasey",,,932,115000,145,162500,398,124950,293,88000,96,90000
"E12000002","North West","E14001017","Warrington North",,,1013,125000,272,210000,397,125000,300,88000,44,71500
"E12000002","North West","E14001018","Warrington South",,,1760,169998,472,268375,652,158000,419,148000,217,100000
"E12000002","North West","E14001024","Weaver Vale",,,1070,150000,386,230000,340,133250,272,104000,72,95250
"E12000002","North West","E14001033","West Lancashire",,,970,160000,331,247500,363,145000,227,112500,49,125000
"E12000002","North West","E14001037","Westmorland and Lonsdale",,,1266,206000,391,300000,309,195000,356,172250,210,120250
"E12000002","North West","E14001039","Wigan",,,1168,115000,268,199995,429,118995,377,84500,94,68250
"E12000002","North West","E14001043","Wirral South",,,1021,157500,274,286250,463,152000,196,119250,88,88750
"E12000002","North West","E14001044","Wirral West",,,983,168000,225,250000,445,167000,159,124950,154,110000
"E12000002","North West","E14001053","Workington",,,1064,131750,303,198950,304,132498,412,94000,45,86000
"E12000002","North West","E14001054","Worsley and Eccles South",,,1117,120000,195,221050,441,125000,418,88250,63,70000
"E12000002","North West","E14001057","Wyre and Preston North",,,1217,165000,441,235000,581,149950,121,135000,74,89500
"E12000002","North West","E14001059","Wythenshawe and Sale East",,,1185,142000,108,247000,442,180000,413,125000,222,111073
"E12000003","Yorkshire and The Humber","E14000541","Barnsley Central",,,932,96750,191,165000,379,97000,343,75000,19,72000
"E12000003","Yorkshire and The Humber","E14000542","Barnsley East",,,1057,98000,233,150000,390,94000,415,75500,19,65000
"E12000003","Yorkshire and The Humber","E14000548","Batley and Spen",,,1167,117500,264,197250,411,121000,419,87000,73,79995
"E12000003","Yorkshire and The Humber","E14000556","Beverley and Holderness",,,1494,142500,508,193975,506,125000,424,118000,56,91500
"E12000003","Yorkshire and The Humber","E14000587","Bradford East",,,934,91250,86,212500,340,102000,457,76000,51,60000
"E12000003","Yorkshire and The Humber","E14000588","Bradford South",,,1120,103000,159,182000,504,110000,422,78134,35,69495
"E12000003","Yorkshire and The Humber","E14000589","Bradford West",,,660,105000,87,185000,230,119250,281,85000,62,56125
"E12000003","Yorkshire and The Humber","E14000596","Brigg and Goole",,,1062,124950,480,172250,312,110750,252,82250,18,71000
"E12000003","Yorkshire and The Humber","E14000614","Calder Valley",,,1475,130000,255,249950,409,147000,691,105000,120,99950
"E12000003","Yorkshire and The Humber","E14000643","Cleethorpes",,,1334,125000,523,170000,455,120000,321,80000,35,95000
"E12000003","Yorkshire and The Humber","E14000645","Colne Valley",,,1457,133200,318,236225,402,141000,629,110000,108,100000
"E12000003","Yorkshire and The Humber","E14000666","Dewsbury",,,1141,137950,326,225500,401,128500,360,108500,54,93250
"E12000003","Yorkshire and The Humber","E14000667","Don Valley",,,1108,120000,439,183000,427,102000,221,81000,21,81000
"E12000003","Yorkshire and The Humber","E14000668","Doncaster Central",,,1251,110000,319,162000,546,105000,331,74000,55,84500
"E12000003","Yorkshire and The Humber","E14000669","Doncaster North",,,990,100750,241,174000,459,100000,273,67500,17,64000
"E12000003","Yorkshire and The Humber","E14000683","East Yorkshire",,,1682,137264,633,200000,603,125000,320,111500,126,70000
"E12000003","Yorkshire and The Humber","E14000689","Elmet and Rothwell",,,1584,175000,528,291000,630,152000,347,125000,79,120000
"E12000003","Yorkshire and The Humber","E14000716","Great Grimsby",,,1052,95000,185,165000,362,111250,457,67000,48,67000
"E12000003","Yorkshire and The Humber","E14000723","Halifax",,,1237,105000,131,220000,350,128500,690,85000,66,103000
"E12000003","Yorkshire and The Humber","E14000724","Haltemprice and Howden",,,1414,161000,511,235000,535,150000,247,120000,121,75000
"E12000003","Yorkshire and The Humber","E14000730","Harrogate and Knaresborough",,,1825,210000,451,346500,556,204192,456,168500,362,160000
"E12000003","Yorkshire and The Humber","E14000740","Hemsworth",,,950,117500,285,185000,332,110000,307,80000,26,60975
"E12000003","Yorkshire and The Humber","E14000756","Huddersfield",,,943,111500,177,205000,321,117000,396,87500,49,85000
"E12000003","Yorkshire and The Humber","E14000766","Keighley",,,1309,142500,244,256975,375,142000,561,110000,129,147500
"E12000003","Yorkshire and The Humber","E14000771","Kingston upon Hull East",,,851,85000,74,160000,291,105000,459,68000,27,68000
"E12000003","Yorkshire and The Humber","E14000772","Kingston upon Hull North",,,1068,107000,154,171000,257,119995,609,90000,48,79995
"E12000003","Yorkshire and The Humber","E14000773","Kingston upon Hull West and Hessle",,,918,92000,61,185000,217,120000,564,83000,76,77000
"E12000003","Yorkshire and The Humber","E14000777","Leeds Central",,,1367,93000,54,177000,248,102000,568,70000,497,109625
"E12000003","Yorkshire and The Humber","E14000778","Leeds East",,,961,124950,160,220435,447,132500,300,93250,54,84995
"E12000003","Yorkshire and The Humber","E14000779","Leeds North East",,,1282,187000,218,277500,665,190000,201,153000,198,115000
"E12000003","Yorkshire and The Humber","E14000780","Leeds North West",,,1216,179950,231,310395,487,181000,338,159975,160,117500
"E12000003","Yorkshire and The Humber","E14000781","Leeds West",,,1048,107500,72,174000,427,122000,447,93000,102,90000
"E12000003","Yorkshire and The Humber","E14000826","Morley and Outwood",,,1507,131000,386,212000,580,130000,451,105000,90,88475
"E12000003","Yorkshire and The Humber","E14000836","Normanton, Pontefract and Castleford",,,1244,115000,312,177500,507,111000,365,80000,60,71500
"E12000003","Yorkshire and The Humber","E14000876","Penistone and Stocksbridge",,,1172,135000,369,210000,435,124000,300,109598,68,92750
"E12000003","Yorkshire and The Humber","E14000886","Pudsey",,,1635,167000,349,283000,592,165000,550,145000,144,113500
"E12000003","Yorkshire and The Humber","E14000895","Richmond (Yorks)",,,1332,189950,536,250000,388,165000,343,155000,65,120000
"E12000003","Yorkshire and The Humber","E14000903","Rother Valley",,,1190,130000,393,187000,567,120000,186,84125,44,95000
"E12000003","Yorkshire and The Humber","E14000904","Rotherham",,,766,110000,167,209995,399,110000,168,70000,32,63500
"E12000003","Yorkshire and The Humber","E14000913","Scarborough and Whitby",,,1600,140000,360,225000,456,148350,427,120000,357,95000
"E12000003","Yorkshire and The Humber","E14000914","Scunthorpe",,,965,105000,285,156000,509,97000,143,78000,28,53000
"E12000003","Yorkshire and The Humber","E14000917","Selby and Ainsty",,,1341,170000,617,230000,390,145000,283,130000,51,78500
"E12000003","Yorkshire and The Humber","E14000919","Sheffield Central",,,1212,125000,73,299000,208,169500,507,125000,424,105000
"E12000003","Yorkshire and The Humber","E14000920","Sheffield South East",,,993,110000,201,184000,466,107000,264,90000,62,80000
"E12000003","Yorkshire and The Humber","E14000921","Sheffield, Brightside and Hillsborough",,,857,90000,41,163000,308,94000,442,85000,66,70975
"E12000003","Yorkshire and The Humber","E14000922","Sheffield, Hallam",,,1393,219000,356,328250,463,230000,381,162000,193,145000
"E12000003","Yorkshire and The Humber","E14000923","Sheffield, Heeley",,,1067,120000,117,205000,457,134000,371,104500,122,98998
"E12000003","Yorkshire and The Humber","E14000925","Shipley",,,1490,148250,281,270000,532,150000,528,126250,149,109495
"E12000003","Yorkshire and The Humber","E14000928","Skipton and Ripon",,,1439,184100,398,306125,356,190505,587,140000,98,123750
"E12000003","Yorkshire and The Humber","E14000993","Thirsk and Malton",,,1590,180000,664,249973,441,155000,384,143000,101,107500
"E12000003","Yorkshire and The Humber","E14001009","Wakefield",,,936,124950,201,194000,390,124950,291,105000,54,82250
"E12000003","Yorkshire and The Humber","E14001028","Wentworth and Dearne",,,1173,115000,312,179250,477,103600,361,80000,23,62500
"E12000003","Yorkshire and The Humber","E14001061","York Central",,,1836,167000,121,249950,451,183500,916,163250,348,132250
"E12000003","Yorkshire and The Humber","E14001062","York Outer",,,1592,200000,624,259750,624,178000,243,165000,101,136000
"E12000004","East Midlands","E14000533","Amber Valley",,,1157,120000,412,165000,395,110000,333,90000,17,59000
"E12000004","East Midlands","E14000535","Ashfield",,,1366,105000,496,145000,496,95000,351,77500,23,70000
"E12000004","East Midlands","E14000546","Bassetlaw",,,1335,122000,524,183250,519,104000,262,82975,30,78500
"E12000004","East Midlands","E14000577","Bolsover",,,1112,100000,337,148000,464,96000,305,68000,6,60500
"E12000004","East Midlands","E14000582","Boston and Skegness",,,1388,125000,742,148500,385,111000,209,93500,52,75000
"E12000004","East Midlands","E14000583","Bosworth",,,1694,150000,626,229998,596,134750,394,115375,78,76000
"E12000004","East Midlands","E14000607","Broxtowe",,,1423,140000,534,185250,520,132000,294,115000,75,76000
"E12000004","East Midlands","E14000625","Charnwood",,,1490,167250,609,240000,568,149950,263,132000,50,103995
"E12000004","East Midlands","E14000632","Chesterfield",,,1220,125000,350,210500,520,120000,298,93000,52,81950
"E12000004","East Midlands","E14000648","Corby",,,1711,149995,650,207000,498,130000,493,116000,70,79500
"E12000004","East Midlands","E14000660","Daventry",,,1433,192500,680,263975,367,163000,338,145000,48,92500
"E12000004","East Midlands","E14000662","Derby North",,,1356,132250,309,217500,541,129950,424,110000,82,90000
"E12000004","East Midlands","E14000663","Derby South",,,1141,112500,255,171000,462,115750,380,85000,44,94000
"E12000004","East Midlands","E14000664","Derbyshire Dales",,,1103,222000,467,301000,296,178000,264,161000,76,158250
"E12000004","East Midlands","E14000695","Erewash",,,1460,117000,383,185000,645,115000,355,88000,77,86500
"E12000004","East Midlands","E14000707","Gainsborough",,,1477,142500,787,184995,355,120000,314,83500,21,57500
"E12000004","East Midlands","E14000710","Gedling",,,1380,125000,453,182500,524,121000,285,98000,118,73000
"E12000004","East Midlands","E14000714","Grantham and Stamford",,,2014,151498,804,197000,580,132000,502,125000,128,85000
"E12000004","East Midlands","E14000728","Harborough",,,1611,165000,539,250000,564,150000,398,132000,110,103500
"E12000004","East Midlands","E14000748","High Peak",,,1282,148000,320,245000,340,157750,512,120000,110,87750
"E12000004","East Midlands","E14000769","Kettering",,,1532,135000,482,212000,507,131000,459,106000,84,83750
"E12000004","East Midlands","E14000782","Leicester East",,,857,125000,133,200000,301,136000,352,118000,71,73995
"E12000004","East Midlands","E14000783","Leicester South",,,913,130000,76,250000,270,159500,404,122500,163,105000
"E12000004","East Midlands","E14000784","Leicester West",,,829,110000,69,180000,305,122500,374,99725,81,89950
"E12000004","East Midlands","E14000792","Lincoln",,,1645,123500,427,165000,453,123000,592,104950,173,108000
"E12000004","East Midlands","E14000797","Loughborough",,,1523,156000,546,224973,470,139975,422,118750,85,94500
"E12000004","East Midlands","E14000798","Louth and Horncastle",,,1536,136000,893,163000,380,119975,221,99000,42,76250
"E12000004","East Midlands","E14000810","Mansfield",,,1435,110000,525,160000,580,99973,284,71000,46,71750
"E12000004","East Midlands","E14000814","Mid Derbyshire",,,1426,157000,639,209000,475,138000,244,117500,68,111500
"E12000004","East Midlands","E14000829","Newark",,,1745,160000,821,220000,469,130000,351,117500,104,93250
"E12000004","East Midlands","E14000843","North East Derbyshire",,,1110,145000,426,197500,407,132000,240,90500,37,95500
"E12000004","East Midlands","E14000858","North West Leicestershire",,,1555,159000,715,210000,444,126750,364,115000,32,104750
"E12000004","East Midlands","E14000861","Northampton North",,,1278,135000,168,195000,442,140000,572,127830,96,92500
"E12000004","East Midlands","E14000862","Northampton South",,,1480,133500,340,221000,415,140000,574,117500,151,95000
"E12000004","East Midlands","E14000865","Nottingham East",,,966,92250,132,170000,241,113000,416,77000,177,72500
"E12000004","East Midlands","E14000866","Nottingham North",,,868,84000,114,134000,358,90750,366,72000,30,50500
"E12000004","East Midlands","E14000867","Nottingham South",,,1125,125000,265,195000,258,123250,303,90000,299,115000
"E12000004","East Midlands","E14000908","Rushcliffe",,,1667,207500,775,265000,452,182250,304,151225,136,113000
"E12000004","East Midlands","E14000909","Rutland and Melton",,,1650,186000,802,250000,465,148950,334,127500,49,105000
"E12000004","East Midlands","E14000924","Sherwood",,,1375,127000,555,194000,479,110000,305,97000,36,84000
"E12000004","East Midlands","E14000929","Sleaford and North Hykeham",,,1931,149000,1124,178000,510,125000,252,118875,45,80000
"E12000004","East Midlands","E14000935","South Derbyshire",,,1561,147500,649,200000,465,123000,399,116995,48,94250
"E12000004","East Midlands","E14000939","South Holland and The Deepings",,,1766,140000,1057,165000,443,122000,228,115000,38,81500
"E12000004","East Midlands","E14000940","South Leicestershire",,,1571,160000,659,222000,635,145000,245,125000,32,83250
"E12000004","East Midlands","E14000942","South Northamptonshire",,,2048,210000,903,290000,544,180000,456,174750,145,118995
"E12000004","East Midlands","E14001025","Wellingborough",,,1512,134000,439,203000,481,130000,507,110250,85,70500
"E12000005","West Midlands","E14000531","Aldridge-Brownhills",,,892,155000,273,227000,336,143375,203,124000,80,104500
"E12000005","West Midlands","E14000560","Birmingham, Edgbaston",,,1117,163000,156,379950,312,165000,385,158000,264,135750
"E12000005","West Midlands","E14000561","Birmingham, Erdington",,,910,109475,72,200000,354,123000,376,100000,108,73250
"E12000005","West Midlands","E14000562","Birmingham, Hall Green",,,946,160000,116,267500,247,188500,441,142000,142,105000
"E12000005","West Midlands","E14000563","Birmingham, Hodge Hill",,,694,105000,20,173500,224,124000,419,100000,31,63750
"E12000005","West Midlands","E14000564","Birmingham, Ladywood",,,977,117000,24,149995,50,126250,241,94000,662,120000
"E12000005","West Midlands","E14000565","Birmingham, Northfield",,,1151,123500,150,234248,466,138750,421,110000,114,83250
"E12000005","West Midlands","E14000566","Birmingham, Perry Barr",,,810,115000,52,185248,394,124950,321,103000,43,70000
"E12000005","West Midlands","E14000567","Birmingham, Selly Oak",,,1091,139500,72,249975,391,152000,528,131000,100,90000
"E12000005","West Midlands","E14000568","Birmingham, Yardley",,,965,120000,44,191500,450,129975,366,109250,105,83000
"E12000005","West Midlands","E14000605","Bromsgrove",,,1390,205000,516,291250,477,176000,294,157250,103,112000
"E12000005","West Midlands","E14000610","Burton",,,1357,135000,468,200000,390,130500,428,103000,71,76000
"E12000005","West Midlands","E14000618","Cannock Chase",,,1177,125000,384,190000,472,116250,237,115000,84,81750
"E12000005","West Midlands","E14000649","Coventry North East",,,1202,118000,165,196950,314,134950,632,106750,91,81950
"E12000005","West Midlands","E14000650","Coventry North West",,,1462,130000,140,275356,357,153000,765,125000,200,92750
"E12000005","West Midlands","E14000651","Coventry South",,,1175,139950,182,284500,346,167500,473,123500,174,93250
"E12000005","West Midlands","E14000671","Dudley North",,,831,120000,169,195000,378,119995,210,107000,74,78500
"E12000005","West Midlands","E14000672","Dudley South",,,863,130000,204,205000,396,124995,185,120000,78,101573
"E12000005","West Midlands","E14000722","Halesowen and Rowley Regis",,,933,130000,164,189500,389,135000,312,107750,68,88500
"E12000005","West Midlands","E14000743","Hereford and South Herefordshire",,,1281,168000,435,248000,355,167000,346,134875,145,92500
"E12000005","West Midlands","E14000767","Kenilworth and Southam",,,1272,247500,492,360000,368,232500,291,183000,121,129000
"E12000005","West Midlands","E14000791","Lichfield",,,1407,179950,519,250000,436,162500,329,148000,123,106500
"E12000005","West Midlands","E14000799","Ludlow",,,1124,189975,509,265000,263,167500,267,152000,85,119950
"E12000005","West Midlands","E14000812","Meriden",,,1486,217000,546,360000,409,186995,348,134000,183,133000
"E12000005","West Midlands","E14000818","Mid Worcestershire",,,1493,190000,612,265000,428,175000,335,145525,118,108000
"E12000005","West Midlands","E14000834","Newcastle-under-Lyme",,,1182,125000,338,175250,474,124950,342,87000,28,81500
"E12000005","West Midlands","E14000847","North Herefordshire",,,1119,210000,602,267250,252,169250,221,155000,44,90750
"E12000005","West Midlands","E14000849","North Shropshire",,,1429,162800,723,220000,398,132748,240,120000,68,72000
"E12000005","West Midlands","E14000854","North Warwickshire",,,1016,132750,234,210000,408,130000,300,115000,74,100000
"E12000005","West Midlands","E14000868","Nuneaton",,,1164,135000,348,199995,393,135000,340,95000,83,85000
"E12000005","West Midlands","E14000892","Redditch",,,1211,156000,426,230500,355,154000,341,120000,89,88000
"E12000005","West Midlands","E14000905","Rugby",,,1648,162000,530,240000,538,157000,461,124995,119,90000
"E12000005","West Midlands","E14000926","Shrewsbury and Atcham",,,1451,167000,442,240000,502,157750,349,134000,158,119350
"E12000005","West Midlands","E14000931","Solihull",,,1565,202000,371,355000,699,198000,215,172000,280,138250
"E12000005","West Midlands","E14000945","South Staffordshire",,,1092,171250,442,237250,402,150000,193,138000,55,99500
"E12000005","West Midlands","E14000965","Stafford",,,1217,155000,436,215500,389,145000,331,120000,61,103000
"E12000005","West Midlands","E14000966","Staffordshire Moorlands",,,972,138000,360,206000,348,125000,231,96000,33,72450
"E12000005","West Midlands","E14000972","Stoke-on-Trent Central",,,803,80000,97,148500,272,95000,395,69000,39,67500
"E12000005","West Midlands","E14000973","Stoke-on-Trent North",,,1081,92000,227,164950,447,93500,374,66000,33,86250
"E12000005","West Midlands","E14000974","Stoke-on-Trent South",,,1098,103250,281,160000,491,100000,304,68000,22,73868
"E12000005","West Midlands","E14000975","Stone",,,1148,165000,513,235000,324,139950,244,126000,67,112000
"E12000005","West Midlands","E14000976","Stourbridge",,,1017,142500,298,226750,427,132950,243,122500,49,87000
"E12000005","West Midlands","E14000977","Stratford-on-Avon",,,1508,249950,563,373995,358,234995,360,195000,227,139500
"E12000005","West Midlands","E14000985","Sutton Coldfield",,,1573,215000,544,300000,534,204500,240,164625,255,121000
"E12000005","West Midlands","E14000986","Tamworth",,,1054,147500,326,225000,383,136150,248,115000,97,103000
"E12000005","West Midlands","E14000989","Telford",,,1228,130250,417,187500,325,120000,371,101000,115,79960
"E12000005","West Midlands","E14000992","The Wrekin",,,1106,158000,437,220000,383,136000,225,128000,61,101500
"E12000005","West Midlands","E14001011","Walsall North",,,752,105000,146,188625,290,111000,268,85000,48,67750
"E12000005","West Midlands","E14001012","Walsall South",,,768,120823,135,237500,249,125000,279,95000,105,105000
"E12000005","West Midlands","E14001016","Warley",,,846,113973,57,180000,301,124000,424,101000,64,78475
"E12000005","West Midlands","E14001019","Warwick and Leamington",,,1716,209000,343,340000,389,204950,578,202500,406,144245
"E12000005","West Midlands","E14001029","West Bromwich East",,,713,120000,109,194000,328,124950,196,105000,80,71000
"E12000005","West Midlands","E14001030","West Bromwich West",,,673,100000,99,168000,302,100000,182,91000,90,60000
"E12000005","West Midlands","E14001035","West Worcestershire",,,1296,210000,595,285000,367,178000,191,155000,143,125000
"E12000005","West Midlands","E14001049","Wolverhampton North East",,,804,106000,121,172000,421,109950,166,89998,96,87750
"E12000005","West Midlands","E14001050","Wolverhampton South East",,,799,105000,128,166500,371,108000,229,92000,71,59000
"E12000005","West Midlands","E14001051","Wolverhampton South West",,,833,145000,252,235000,285,139000,218,112000,78,81000
"E12000005","West Midlands","E14001052","Worcester",,,1512,163000,366,230500,482,162750,455,143000,209,117500
"E12000005","West Midlands","E14001058","Wyre Forest",,,1267,150000,408,216250,408,143250,350,120000,101,90000
"E12000006","East of England","E14000544","Basildon and Billericay",,,1354,219125,314,405750,349,249995,456,170000,235,132500
"E12000006","East of England","E14000552","Bedford",,,1437,162500,244,249998,482,180000,421,140000,290,110000
"E12000006","East of England","E14000590","Braintree",,,1516,192500,496,280000,441,184000,389,163750,190,113500
"E12000006","East of England","E14000594","Brentwood and Ongar",,,1721,280000,452,500000,474,310000,359,241000,436,190000
"E12000006","East of England","E14000603","Broadland",,,1564,185000,839,230000,424,160000,260,145000,41,107000
"E12000006","East of England","E14000606","Broxbourne",,,1506,240000,233,490000,335,272000,568,235000,370,152250
"E12000006","East of England","E14000613","Bury St Edmunds",,,1968,181750,682,265000,484,172500,608,156000,194,120000
"E12000006","East of England","E14000617","Cambridge",,,1916,304995,197,455000,321,327500,540,327250,858,258298
"E12000006","East of England","E14000622","Castle Point",,,1346,200000,568,232750,544,200000,119,170000,115,135000
"E12000006","East of England","E14000624","Central Suffolk and North Ipswich",,,1499,192000,679,275000,485,165000,284,144975,51,105000
"E12000006","East of England","E14000628","Chelmsford",,,1740,215250,282,330000,490,249973,537,202000,431,145000
"E12000006","East of England","E14000642","Clacton",,,1546,150000,748,184000,442,140000,147,124500,209,98000
"E12000006","East of England","E14000644","Colchester",,,2132,171000,438,242998,555,180000,716,159995,423,115000
"E12000006","East of England","E14000693","Epping Forest",,,1521,300000,300,632500,400,365000,414,259250,407,200000
"E12000006","East of England","E14000717","Great Yarmouth",,,1417,135000,515,185000,352,135000,480,103250,70,66500
"E12000006","East of England","E14000729","Harlow",,,1208,185000,159,335000,196,249973,630,178475,223,120000
"E12000006","East of England","E14000734","Harwich and North Essex",,,1493,187500,640,250000,464,167000,266,140000,123,112500
"E12000006","East of England","E14000739","Hemel Hempstead",,,1661,230000,262,405000,324,285000,617,219950,458,160000
"E12000006","East of England","E14000744","Hertford and Stortford",,,2055,250000,411,440000,463,300000,663,242500,518,180000
"E12000006","East of England","E14000745","Hertsmere",,,1547,310000,286,589975,423,345000,406,275000,432,220000
"E12000006","East of England","E14000749","Hitchin and Harpenden",,,1786,300750,435,595000,498,345000,492,250000,361,165000
"E12000006","East of England","E14000757","Huntingdon",,,2153,190000,754,270000,484,178000,688,154998,227,120000
"E12000006","East of England","E14000761","Ipswich",,,1643,133750,257,240000,579,150000,517,122000,290,86000
"E12000006","East of England","E14000800","Luton North",,,1043,163000,200,242500,487,167000,289,142000,67,89000
"E12000006","East of England","E14000801","Luton South",,,1130,153250,122,250000,420,175000,410,140000,178,90000
"E12000006","East of England","E14000806","Maldon",,,1320,225000,554,315000,374,211500,273,175000,119,115000
"E12000006","East of England","E14000813","Mid Bedfordshire",,,1941,227000,696,320000,563,213000,581,178000,101,135000
"E12000006","East of England","E14000816","Mid Norfolk",,,1985,167000,1031,210000,498,150000,398,130000,58,98500
"E12000006","East of England","E14000841","North East Bedfordshire",,,2117,215000,706,295000,648,203148,620,165000,143,127800
"E12000006","East of England","E14000842","North East Cambridgeshire",,,1872,137250,908,169995,552,124995,346,107500,66,67750
"E12000006","East of England","E14000845","North East Hertfordshire",,,1610,240000,425,449950,356,250000,545,200000,284,139000
"E12000006","East of England","E14000848","North Norfolk",,,1767,185000,883,227950,365,153000,349,145000,170,116750
"E12000006","East of England","E14000855","North West Cambridgeshire",,,2254,162000,885,218000,679,150000,582,121250,108,90500
"E12000006","East of England","E14000859","North West Norfolk",,,1605,157000,655,205000,432,143000,379,125000,139,94500
"E12000006","East of England","E14000863","Norwich North",,,1391,150000,310,207750,460,163000,491,133000,130,90500
"E12000006","East of England","E14000864","Norwich South",,,1629,158000,245,250000,284,164950,627,163500,473,120000
"E12000006","East of England","E14000878","Peterborough",,,1275,125000,362,195000,396,125000,406,107000,111,83000
"E12000006","East of England","E14000888","Rayleigh and Wickford",,,1606,220500,465,305000,751,215000,241,185000,149,129500
"E12000006","East of England","E14000899","Rochford and Southend East",,,1461,175000,241,335000,384,196000,375,167500,461,119000
"E12000006","East of England","E14000910","Saffron Walden",,,1853,290000,745,405000,454,267500,490,225000,164,140000
"E12000006","East of England","E14000933","South Basildon and East Thurrock",,,1165,170000,185,310000,299,203500,472,158000,209,118000
"E12000006","East of England","E14000934","South Cambridgeshire",,,1819,250000,757,362595,484,231498,469,197000,109,150000
"E12000006","East of England","E14000937","South East Cambridgeshire",,,1773,227000,678,309950,471,215000,459,180000,165,135000
"E12000006","East of England","E14000941","South Norfolk",,,1910,182500,919,239000,476,160000,390,155000,125,110000
"E12000006","East of England","E14000946","South Suffolk",,,1434,195000,606,268998,377,179950,388,145000,63,100000
"E12000006","East of England","E14000949","South West Bedfordshire",,,1807,180000,361,289995,509,195000,672,160000,265,114000
"E12000006","East of England","E14000951","South West Hertfordshire",,,1769,354000,514,681000,452,362500,475,278000,328,233750
"E12000006","East of England","E14000952","South West Norfolk",,,1596,154000,847,182500,385,138000,322,116000,42,82500
"E12000006","East of England","E14000957","Southend West",,,1612,197000,284,282250,541,225000,295,190000,492,138000
"E12000006","East of England","E14000960","St Albans",,,1957,335000,337,565000,447,415000,540,339000,633,222250
"E12000006","East of England","E14000968","Stevenage",,,1203,177000,183,339950,202,241750,614,170500,204,114748
"E12000006","East of England","E14000981","Suffolk Coastal",,,1775,203000,697,279995,407,172500,473,163750,198,125000
"E12000006","East of England","E14000995","Thurrock",,,1578,168000,144,269500,382,210500,655,166000,397,125000
"E12000006","East of England","E14001021","Watford",,,1953,245000,229,520000,433,303000,583,241500,708,180000
"E12000006","East of England","E14001022","Waveney",,,1586,138000,601,185000,421,130000,513,103000,51,85000
"E12000006","East of England","E14001027","Welwyn Hatfield",,,1394,245000,245,480000,281,315000,573,230000,295,159995
"E12000006","East of England","E14001034","West Suffolk",,,1871,165000,703,229000,447,161995,602,138000,119,114995
"E12000006","East of England","E14001045","Witham",,,1442,210000,517,305000,391,205000,374,165825,160,109500
"E12000007","London","E14000540","Barking",,,1131,180000,..,..,76,200000,762,189995,291,140000
"E12000007","London","E14000549","Battersea",,,2266,515000,12,1022500,53,975000,583,895000,1618,450000
"E12000007","London","E14000551","Beckenham",,,1598,330000,236,600000,394,401750,375,346000,593,237000
"E12000007","London","E14000553","Bermondsey and Old Southwark",,,2012,370000,..,..,9,430000,203,495000,1797,355000
"E12000007","London","E14000555","Bethnal Green and Bow",,,1682,330000,..,..,5,650000,174,575000,1499,315000
"E12000007","London","E14000558","Bexleyheath and Crayford",,,1260,220000,78,347500,526,250000,366,210000,290,150000
"E12000007","London","E14000591","Brent Central",,,978,320000,21,860000,127,499995,239,390000,591,262750
"E12000007","London","E14000592","Brent North",,,859,288000,71,562000,290,390000,135,305000,363,211000
"E12000007","London","E14000593","Brentford and Isleworth",,,1770,350000,46,690000,287,435000,529,427500,908,272750
"E12000007","London","E14000604","Bromley and Chislehurst",,,1570,282000,254,692500,361,349950,471,277500,484,210000
"E12000007","London","E14000615","Camberwell and Peckham",,,1571,305000,10,892500,72,666500,407,530000,1082,265000
"E12000007","London","E14000621","Carshalton and Wallington",,,1424,245850,138,466250,357,335000,442,246000,487,176000
"E12000007","London","E14000629","Chelsea and Fulham",,,2238,778750,7,2650000,31,2500000,609,1600000,1591,635000
"E12000007","London","E14000634","Chingford and Woodford Green",,,1291,300000,93,680000,357,376000,450,309000,391,212000
"E12000007","London","E14000636","Chipping Barnet",,,1571,369950,179,793000,464,473500,315,365000,613,235000
"E12000007","London","E14000639","Cities of London and Westminster",,,2371,795000,..,..,..,..,191,2500000,2175,735000
"E12000007","London","E14000654","Croydon Central",,,1569,225000,85,390000,310,275500,522,238725,652,180000
"E12000007","London","E14000655","Croydon North",,,1551,222000,67,445000,185,328000,590,240000,709,183000
"E12000007","London","E14000656","Croydon South",,,1687,285000,445,475000,440,325000,302,249950,500,185000
"E12000007","London","E14000657","Dagenham and Rainham",,,1065,199995,79,270000,257,228000,544,199995,185,125000
"E12000007","London","E14000673","Dulwich and West Norwood",,,1820,344000,47,830000,188,752500,465,552500,1120,276250
"E12000007","London","E14000674","Ealing Central and Acton",,,1905,417000,82,1182500,254,787500,427,623000,1142,320000
"E12000007","London","E14000675","Ealing North",,,1081,285000,25,465000,288,328975,412,298975,356,189998
"E12000007","London","E14000676","Ealing, Southall",,,846,282000,25,540000,84,437500,372,332500,365,240000
"E12000007","London","E14000679","East Ham",,,1057,230000,5,320000,24,243500,566,231000,462,203500
"E12000007","London","E14000687","Edmonton",,,826,229998,11,470000,114,281500,444,236000,257,150000
"E12000007","London","E14000690","Eltham",,,1274,250000,46,486250,338,314500,446,250000,444,198013
"E12000007","London","E14000691","Enfield North",,,1268,249995,40,445000,224,336250,479,270000,525,178500
"E12000007","London","E14000692","Enfield, Southgate",,,1294,335000,97,690000,277,524500,310,388748,610,239475
"E12000007","London","E14000696","Erith and Thamesmead",,,1053,182000,22,259000,249,243000,472,190000,310,130000
"E12000007","London","E14000701","Feltham and Heston",,,1062,236000,44,330000,359,267000,339,239950,320,169000
"E12000007","London","E14000703","Finchley and Golders Green",,,1446,435000,122,1417500,348,723250,255,530000,721,295000
"E12000007","London","E14000718","Greenwich and Woolwich",,,1887,325000,27,1225000,65,475000,471,388500,1324,303500
"E12000007","London","E14000720","Hackney North and Stoke Newington",,,1409,365000,..,..,17,602500,247,695000,1143,335000
"E12000007","London","E14000721","Hackney South and Shoreditch",,,1359,387000,..,..,19,850000,198,618250,1139,361500
"E12000007","London","E14000726","Hammersmith",,,1632,455000,9,1600000,38,995000,391,980000,1194,395000
"E12000007","London","E14000727","Hampstead and Kilburn",,,1955,585000,49,2350000,92,1323750,276,1200000,1538,499999
"E12000007","London","E14000731","Harrow East",,,1021,340000,105,694000,369,365000,188,317000,359,245000
"E12000007","London","E14000732","Harrow West",,,1129,300000,55,486000,311,395000,286,312750,477,209000
"E12000007","London","E14000737","Hayes and Harlington",,,1164,240750,49,350000,374,258000,315,245000,426,179997
"E12000007","London","E14000741","Hendon",,,1727,297000,141,770000,335,432500,240,299975,1011,246000
"E12000007","London","E14000750","Holborn and St Pancras",,,1598,520000,8,2050000,28,1999973,187,1200000,1375,475000
"E12000007","London","E14000751","Hornchurch and Upminster",,,1476,249998,171,470000,625,280000,415,216000,265,162500
"E12000007","London","E14000752","Hornsey and Wood Green",,,1759,399995,52,1675000,115,1050000,490,685500,1102,325000
"E12000007","London","E14000759","Ilford North",,,1276,272250,34,387498,370,315000,550,290000,322,182600
"E12000007","London","E14000760","Ilford South",,,928,250000,15,370000,105,287000,576,265000,232,147250
"E12000007","London","E14000763","Islington North",,,1518,415000,6,990550,22,943500,276,831250,1214,370000
"E12000007","London","E14000764","Islington South and Finsbury",,,1472,529000,7,1100000,16,1595000,197,1220000,1252,480000
"E12000007","London","E14000768","Kensington",,,1795,980000,7,5000000,16,6150000,314,2604500,1458,840000
"E12000007","London","E14000770","Kingston and Surbiton",,,2060,315000,181,510000,575,420000,431,308000,873,250000
"E12000007","London","E14000787","Lewisham East",,,1419,250000,33,635000,194,360000,607,273000,585,215000
"E12000007","London","E14000788","Lewisham West and Penge",,,1785,259000,50,645000,228,450000,497,330000,1010,215000
"E12000007","London","E14000789","Lewisham, Deptford",,,1833,265000,16,485000,64,456498,458,400000,1295,235000
"E12000007","London","E14000790","Leyton and Wanstead",,,1131,265000,24,632500,106,565000,527,318000,474,210000
"E12000007","London","E14000823","Mitcham and Morden",,,1356,250000,24,331500,114,300000,661,269950,557,204000
"E12000007","London","E14000869","Old Bexley and Sidcup",,,1407,249500,117,400000,504,298748,432,235000,354,172250
"E12000007","London","E14000872","Orpington",,,1402,290000,359,455000,549,320000,331,237000,163,185000
"E12000007","London","E14000882","Poplar and Limehouse",,,2604,321500,..,..,9,470000,173,458000,2421,313500
"E12000007","London","E14000887","Putney",,,2060,454500,50,1862500,86,945000,455,775000,1469,392000
"E12000007","London","E14000896","Richmond Park",,,2131,545000,187,1375000,399,780000,599,670000,946,357000
"E12000007","London","E14000900","Romford",,,1570,227500,143,370000,505,250000,451,230000,471,160895
"E12000007","London","E14000906","Ruislip, Northwood and Pinner",,,1357,385000,393,585000,368,432250,168,312500,428,244995
"E12000007","London","E14000978","Streatham",,,2053,335000,24,752500,137,660000,424,555000,1468,290000
"E12000007","London","E14000984","Sutton and Cheam",,,1576,255500,157,550000,316,345500,415,284950,688,190000
"E12000007","London","E14000998","Tooting",,,1917,414000,20,913000,88,886516,676,610000,1133,335000
"E12000007","London","E14001002","Tottenham",,,892,261750,..,..,16,314998,424,320000,448,211675
"E12000007","London","E14001005","Twickenham",,,2151,417500,173,750000,484,550000,626,499975,868,285000
"E12000007","London","E14001007","Uxbridge and South Ruislip",,,1229,274000,140,415000,367,315000,374,275000,348,193750
"E12000007","London","E14001008","Vauxhall",,,1689,407500,10,683000,22,875000,247,716750,1410,366750
"E12000007","London","E14001013","Walthamstow",,,1195,250000,8,429500,47,365000,663,300000,477,203000
"E12000007","London","E14001032","West Ham",,,1278,230000,11,320000,39,250000,567,249995,661,194500
"E12000007","London","E14001036","Westminster North",,,1667,615000,15,4000000,36,3225000,179,1210000,1437,565000
"E12000007","London","E14001040","Wimbledon",,,1862,461500,115,1712500,274,725000,710,549000,763,310000
"E12000008","South East","E14000530","Aldershot",,,1842,213000,301,340000,486,241750,543,200250,512,156250
"E12000008","South East","E14000534","Arundel and South Downs",,,1802,299998,784,430000,414,273000,398,237000,206,167250
"E12000008","South East","E14000536","Ashford",,,1765,195000,599,310000,497,184000,552,158000,117,116000
"E12000008","South East","E14000538","Aylesbury",,,1970,219950,519,360000,492,230000,646,179950,313,130071
"E12000008","South East","E14000539","Banbury",,,1986,210000,576,315000,517,205000,700,182000,193,128000
"E12000008","South East","E14000545","Basingstoke",,,1933,210000,439,320000,403,225000,761,182000,330,139000
"E12000008","South East","E14000550","Beaconsfield",,,1696,370000,596,715000,373,360000,363,289000,364,250000
"E12000008","South East","E14000557","Bexhill and Battle",,,1991,225000,854,295000,419,204000,291,186000,427,125000
"E12000008","South East","E14000576","Bognor Regis and Littlehampton",,,1874,195000,542,276750,441,202000,511,172000,380,117000
"E12000008","South East","E14000586","Bracknell",,,1824,245500,533,388200,373,265000,642,209950,276,145000
"E12000008","South East","E14000597","Brighton, Kemptown",,,1462,235000,353,275000,277,229000,314,250000,518,185000
"E12000008","South East","E14000598","Brighton, Pavilion",,,1788,250000,112,442500,247,292000,565,335000,864,189950
"E12000008","South East","E14000608","Buckingham",,,1831,274995,773,375000,494,248750,454,213250,110,134500
"E12000008","South East","E14000619","Canterbury",,,1864,222111,481,325000,520,209775,463,215000,400,162750
"E12000008","South East","E14000626","Chatham and Aylesford",,,1347,159000,204,252500,358,190000,684,135750,101,104000
"E12000008","South East","E14000631","Chesham and Amersham",,,1501,375000,573,585000,362,350000,335,270000,231,183000
"E12000008","South East","E14000633","Chichester",,,1943,270000,679,400000,455,250000,482,237250,327,169500
"E12000008","South East","E14000652","Crawley",,,1362,205000,195,348000,246,239975,641,196000,280,142500
"E12000008","South East","E14000659","Dartford",,,1748,205000,240,385500,389,239000,747,191500,372,145000
"E12000008","South East","E14000670","Dover",,,1524,160000,344,250000,370,165000,592,137750,218,111000
"E12000008","South East","E14000680","East Hampshire",,,1636,276000,637,440000,346,250000,412,221500,241,155000
"E12000008","South East","E14000681","East Surrey",,,1955,295000,621,475000,525,290000,387,265000,422,177000
"E12000008","South East","E14000682","East Worthing and Shoreham",,,1692,217000,310,319000,474,231000,472,210500,436,145000
"E12000008","South East","E14000684","Eastbourne",,,2246,175000,363,265000,437,192000,590,172250,856,136250
"E12000008","South East","E14000685","Eastleigh",,,1925,205000,522,297500,474,212000,632,177250,297,139500
"E12000008","South East","E14000694","Epsom and Ewell",,,1945,350000,536,567500,559,380000,308,303750,542,221500
"E12000008","South East","E14000697","Esher and Walton",,,2381,430000,724,920000,644,430000,501,345000,512,240500
"E12000008","South East","E14000699","Fareham",,,1637,210000,514,295000,522,200000,403,175000,198,122250
"E12000008","South East","E14000700","Faversham and Mid Kent",,,1453,216000,386,344250,442,216750,465,172500,160,132933
"E12000008","South East","E14000704","Folkestone and Hythe",,,1830,181000,554,278500,483,184000,448,150000,345,123000
"E12000008","South East","E14000711","Gillingham and Rainham",,,1312,159000,207,285000,318,194250,656,137000,131,117000
"E12000008","South East","E14000713","Gosport",,,1500,160000,287,278000,363,183000,569,138000,281,115000
"E12000008","South East","E14000715","Gravesham",,,1218,188000,210,352500,349,221000,511,170000,148,120000
"E12000008","South East","E14000719","Guildford",,,1772,320000,470,586250,524,325000,321,272500,457,215000
"E12000008","South East","E14000735","Hastings and Rye",,,1905,170000,497,249950,405,174950,557,151000,446,100000
"E12000008","South East","E14000736","Havant",,,1380,195500,417,314950,352,207250,422,155000,189,115500
"E12000008","South East","E14000742","Henley",,,1486,345000,548,520000,410,305000,390,270000,138,188500
"E12000008","South East","E14000753","Horsham",,,1881,282500,571,440000,493,285000,478,239975,339,152000
"E12000008","South East","E14000755","Hove",,,1925,249950,177,540000,372,312250,345,305000,1031,207000
"E12000008","South East","E14000762","Isle of Wight",,,2535,174000,882,235000,666,166000,517,149000,470,112000
"E12000008","South East","E14000786","Lewes",,,1608,245000,516,334950,457,220000,372,220000,263,145000
"E12000008","South East","E14000803","Maidenhead",,,1665,320000,518,515000,391,333000,365,285000,391,207000
"E12000008","South East","E14000804","Maidstone and The Weald",,,1530,205000,307,348000,465,223500,492,173750,266,124498
"E12000008","South East","E14000811","Meon Valley",,,1572,234500,637,320000,418,221500,309,195000,208,132500
"E12000008","South East","E14000817","Mid Sussex",,,2094,250000,596,400000,547,260000,500,230000,451,157000
"E12000008","South East","E14000821","Milton Keynes North",,,2141,187000,562,283311,510,195000,736,161875,333,135000
"E12000008","South East","E14000822","Milton Keynes South",,,1871,185000,585,285000,482,179498,508,157250,296,125000
"E12000008","South East","E14000824","Mole Valley",,,1463,390000,598,634000,376,367500,229,273000,260,202000
"E12000008","South East","E14000827","New Forest East",,,1423,223000,601,300000,336,205000,330,172500,156,137000
"E12000008","South East","E14000828","New Forest West",,,1631,265000,766,360000,279,245000,276,210000,310,162750
"E12000008","South East","E14000830","Newbury",,,1876,249950,595,400000,464,249995,453,210000,364,157375
"E12000008","South East","E14000844","North East Hampshire",,,1644,315000,693,450000,348,280000,407,245000,196,178000
"E12000008","South East","E14000852","North Thanet",,,1712,173000,548,241000,474,175000,390,147250,300,104998
"E12000008","South East","E14000857","North West Hampshire",,,1551,223000,528,343000,393,220000,472,178975,158,125000
"E12000008","South East","E14000873","Oxford East",,,1282,250000,96,432500,389,276000,486,266750,311,205000
"E12000008","South East","E14000874","Oxford West and Abingdon",,,1700,285000,403,395000,478,275000,479,248500,340,207500
"E12000008","South East","E14000883","Portsmouth North",,,1339,160000,88,280000,311,190000,746,156589,194,108000
"E12000008","South East","E14000884","Portsmouth South",,,1510,147500,18,403750,65,290000,882,152500,545,124950
"E12000008","South East","E14000889","Reading East",,,1803,232500,294,385500,425,267500,629,210000,455,174000
"E12000008","South East","E14000890","Reading West",,,1775,200000,238,348250,470,239950,631,187000,436,159973
"E12000008","South East","E14000893","Reigate",,,1957,285000,430,605000,468,315000,403,279000,656,186875
"E12000008","South East","E14000898","Rochester and Strood",,,1663,172000,283,290000,486,185000,635,152000,259,123000
"E12000008","South East","E14000901","Romsey and Southampton North",,,1274,250000,530,385000,285,232000,300,194475,159,139500
"E12000008","South East","E14000907","Runnymede and Weybridge",,,1915,312000,479,570000,483,309950,466,285500,487,215000
"E12000008","South East","E14000918","Sevenoaks",,,1400,287500,418,610000,366,282750,435,230000,181,177500
"E12000008","South East","E14000927","Sittingbourne and Sheppey",,,1577,160000,422,240000,463,167000,561,130000,131,100000
"E12000008","South East","E14000930","Slough",,,1305,210000,124,338000,322,249000,509,210000,350,140000
"E12000008","South East","E14000948","South Thanet",,,1701,167000,413,250000,467,169995,490,146750,331,100000
"E12000008","South East","E14000953","South West Surrey",,,1832,335000,655,575000,458,337250,360,268000,359,194000
"E12000008","South East","E14000955","Southampton, Itchen",,,1439,160000,273,210000,370,175000,296,147500,500,125000
"E12000008","South East","E14000956","Southampton, Test",,,1346,155569,105,248000,319,190000,463,155000,459,123000
"E12000008","South East","E14000959","Spelthorne",,,1614,265000,288,430750,493,295000,363,250000,470,194950
"E12000008","South East","E14000983","Surrey Heath",,,1820,278000,678,450000,468,265000,386,220000,288,164500
"E12000008","South East","E14000997","Tonbridge and Malling",,,1812,274225,534,424000,508,278500,496,233250,274,183000
"E12000008","South East","E14001004","Tunbridge Wells",,,1676,250000,395,499999,431,276100,395,220000,455,170000
"E12000008","South East","E14001015","Wantage",,,1974,247500,608,375250,584,245000,532,202250,250,154000
"E12000008","South East","E14001023","Wealden",,,1842,250000,750,360000,526,233000,373,194000,193,136000
"E12000008","South East","E14001041","Winchester",,,1516,315000,508,425250,310,279250,403,300000,295,180000
"E12000008","South East","E14001042","Windsor",,,1664,339475,457,499999,351,330000,481,295000,375,230000
"E12000008","South East","E14001046","Witney",,,1714,245000,517,365000,407,240000,540,225000,250,143000
"E12000008","South East","E14001047","Woking",,,1990,272750,533,550000,406,295000,394,249950,657,200000
"E12000008","South East","E14001048","Wokingham",,,1859,277500,645,395000,429,273000,455,234950,330,188975
"E12000008","South East","E14001055","Worthing West",,,2054,210000,560,335000,431,226000,387,185000,676,145000
"E12000008","South East","E14001056","Wycombe",,,1562,247750,374,405750,479,245000,374,239950,335,159000
"E12000009","South West","E14000547","Bath",,,1660,250000,166,543750,319,262500,585,258000,590,216335
"E12000009","South West","E14000584","Bournemouth East",,,1852,202000,655,295000,245,216000,142,182250,810,145000
"E12000009","South West","E14000585","Bournemouth West",,,1742,190000,538,235000,231,189000,140,180000,833,152000
"E12000009","South West","E14000595","Bridgwater and West Somerset",,,1758,165000,545,248000,462,166750,584,134725,167,108000
"E12000009","South West","E14000599","Bristol East",,,1453,153500,58,246500,331,165000,836,156000,228,109500
"E12000009","South West","E14000600","Bristol North West",,,1521,194000,187,400000,512,207250,503,182000,319,148995
"E12000009","South West","E14000601","Bristol South",,,1600,170000,46,245000,374,163000,917,195000,263,125000
"E12000009","South West","E14000602","Bristol West",,,2257,210000,30,473750,153,485000,772,242250,1302,190000
"E12000009","South West","E14000616","Camborne and Redruth",,,1224,160000,434,220000,267,160000,428,137000,95,100000
"E12000009","South West","E14000623","Central Devon",,,1480,214995,612,280000,296,196000,473,165000,99,130000
"E12000009","South West","E14000630","Cheltenham",,,1915,205000,310,350000,543,210000,613,186000,449,145000
"E12000009","South West","E14000635","Chippenham",,,1785,196995,593,258000,502,184973,513,155000,177,115000
"E12000009","South West","E14000638","Christchurch",,,1811,260000,928,328500,275,232000,258,220250,350,164750
"E12000009","South West","E14000665","Devizes",,,1215,225000,445,329950,302,210000,347,175000,121,110000
"E12000009","South West","E14000678","East Devon",,,2119,229995,682,338748,454,219998,566,189950,417,166400
"E12000009","South West","E14000698","Exeter",,,1687,182000,217,293200,330,207750,757,179000,383,126950
"E12000009","South West","E14000702","Filton and Bradley Stoke",,,1771,190000,434,278298,482,202748,620,165000,235,137495
"E12000009","South West","E14000705","Forest of Dean",,,1157,170000,551,235000,326,142500,228,124700,52,94250
"E12000009","South West","E14000712","Gloucester",,,1884,145000,415,220000,646,150000,585,121000,238,105000
"E12000009","South West","E14000774","Kingswood",,,1271,178000,258,275000,395,186000,488,161625,130,115000
"E12000009","South West","E14000815","Mid Dorset and North Poole",,,1325,240000,680,295000,194,219975,279,180000,172,138000
"E12000009","South West","E14000835","Newton Abbot",,,1758,190000,617,250000,378,181750,506,158000,257,120000
"E12000009","South West","E14000837","North Cornwall",,,1412,210000,664,267750,296,175500,334,154975,118,124725
"E12000009","South West","E14000838","North Devon",,,1528,191250,591,250000,320,190000,445,150000,172,110000
"E12000009","South West","E14000839","North Dorset",,,1547,227950,721,289000,333,209950,375,165000,118,126250
"E12000009","South West","E14000846","North East Somerset",,,1264,207000,410,299950,376,199000,381,160000,97,124950
"E12000009","South West","E14000850","North Somerset",,,2027,225000,650,318500,507,217500,409,182000,461,160000
"E12000009","South West","E14000851","North Swindon",,,1921,157500,445,231000,512,165000,699,136000,265,105000
"E12000009","South West","E14000860","North Wiltshire",,,1443,215000,576,295750,362,190000,421,163000,84,122000
"E12000009","South West","E14000879","Plymouth, Moor View",,,1132,131500,156,240000,391,143000,489,121500,96,88750
"E12000009","South West","E14000880","Plymouth, Sutton and Devonport",,,1580,140000,64,242000,202,168975,831,145000,483,105000
"E12000009","South West","E14000881","Poole",,,1870,221500,690,267250,322,201500,240,186750,618,183500
"E12000009","South West","E14000912","Salisbury",,,1462,220000,506,313000,380,215000,398,182000,178,131000
"E12000009","South West","E14000932","Somerton and Frome",,,1690,190000,571,287000,441,178000,549,162000,129,99950
"E12000009","South West","E14000936","South Dorset",,,1594,203000,469,285000,286,205000,502,167250,337,160000
"E12000009","South West","E14000938","South East Cornwall",,,1382,175000,550,237750,279,164000,434,139725,119,110000
"E12000009","South West","E14000947","South Swindon",,,1602,155000,313,246500,405,178000,720,125000,164,100475
"E12000009","South West","E14000950","South West Devon",,,1489,179000,465,250000,519,172000,393,145000,112,115000
"E12000009","South West","E14000954","South West Wiltshire",,,1684,175000,616,241250,461,167500,468,134475,139,95000
"E12000009","South West","E14000961","St Austell and Newquay",,,1737,168000,573,226000,404,153750,489,146000,271,135000
"E12000009","South West","E14000964","St Ives",,,1357,209000,468,277000,245,190000,456,165000,188,181000
"E12000009","South West","E14000980","Stroud",,,1665,190000,571,283500,466,175000,475,159950,153,119000
"E12000009","South West","E14000988","Taunton Deane",,,1864,180500,589,267000,469,180000,601,150000,205,112500
"E12000009","South West","E14000990","Tewkesbury",,,1721,193000,536,293500,583,185000,467,160000,135,104000
"E12000009","South West","E14000991","The Cotswolds",,,1603,270000,626,420000,381,235750,509,215000,87,152000
"E12000009","South West","E14000994","Thornbury and Yate",,,1178,212000,369,293525,354,205000,362,160000,93,135995
"E12000009","South West","E14000996","Tiverton and Honiton",,,1743,190000,673,270000,422,174750,493,153000,155,120000
"E12000009","South West","E14000999","Torbay",,,1765,156000,366,246000,347,172500,500,143000,552,120000
"E12000009","South West","E14001000","Torridge and West Devon",,,1735,180000,735,247950,303,169000,559,140000,138,120750
"E12000009","South West","E14001001","Totnes",,,1607,225000,590,290000,359,189750,443,185000,215,180000
"E12000009","South West","E14001003","Truro and Falmouth",,,1569,215000,528,295000,310,200000,464,185000,267,157000
"E12000009","South West","E14001026","Wells",,,1711,181500,602,266750,453,169000,466,160000,190,109250
"E12000009","South West","E14001031","West Dorset",,,1849,235000,640,325000,360,233500,523,190000,326,160000
"E12000009","South West","E14001038","Weston-Super-Mare",,,1746,165000,541,235000,494,165000,421,140000,290,106250
"E12000009","South West","E14001060","Yeovil",,,1709,165000,537,250000,437,161000,586,135500,149,93532
,,"W07000041","Ynys M�n",,,874,142750,424,171000,167,128000,247,92000,36,149500
,,"W07000042","Delyn",,,713,130000,302,182775,273,118000,108,90000,30,107500
,,"W07000043","Alyn and Deeside",,,1142,141995,463,200000,484,125000,166,111750,29,95000
,,"W07000044","Wrexham",,,672,130000,216,194998,262,124995,123,103000,71,91000
,,"W07000045","Llanelli",,,923,100000,276,170000,338,91000,284,80000,25,95000
,,"W07000046","Gower",,,1007,150000,401,215000,342,129300,191,110000,73,120000
,,"W07000047","Swansea West",,,867,135000,187,214000,258,135250,301,110000,121,120000
,,"W07000048","Swansea East",,,861,99999,157,148000,258,103000,384,83000,62,110000
,,"W07000049","Aberavon",,,750,95000,168,177000,286,95000,277,70000,19,85000
,,"W07000050","Cardiff Central",,,1024,165625,107,340000,163,223000,539,160000,215,125000
,,"W07000051","Cardiff North",,,1394,191500,283,280000,506,221750,413,172500,192,117750
,,"W07000052","Rhondda",,,664,62000,57,162000,59,85500,546,57250,..,..
,,"W07000053","Torfaen",,,848,117000,235,205000,226,122000,358,93000,29,64000
,,"W07000054","Monmouth",,,1140,185000,484,262250,269,165000,316,135000,71,109950
,,"W07000055","Newport East",,,905,131500,238,220000,294,134000,301,101000,72,82750
,,"W07000056","Newport West",,,934,139998,230,230000,335,142000,284,110000,85,79950
,,"W07000057","Arfon",,,662,130000,143,210000,172,141550,304,110000,43,120000
,,"W07000058","Aberconwy",,,897,155000,327,210000,268,139725,180,119500,122,123975
,,"W07000059","Clwyd West",,,918,136750,449,172000,271,124500,108,93375,90,85000
,,"W07000060","Vale of Clwyd",,,900,121000,454,135000,297,112800,116,90000,33,67000
,,"W07000061","Dwyfor Meirionnydd",,,703,145000,288,195000,112,136750,266,105000,37,104000
,,"W07000062","Clwyd South",,,696,129995,270,185000,225,115000,181,97000,20,102498
,,"W07000063","Montgomeryshire",,,625,150000,321,196000,131,125000,160,105000,13,74000
,,"W07000064","Ceredigion",,,696,162000,349,190000,163,137000,156,134000,28,109500
,,"W07000065","Preseli Pembrokeshire",,,881,140000,398,191000,215,125000,235,110000,33,74000
,,"W07000066","Carmarthen West and South Pembrokeshire",,,916,158000,436,205000,200,134000,221,115000,59,105000
,,"W07000067","Carmarthen East and Dinefwr",,,722,130000,384,165000,232,103000,101,87500,5,55500
,,"W07000068","Brecon and Radnorshire",,,745,168000,368,219000,204,146500,148,125000,25,85000
,,"W07000069","Neath",,,797,102000,239,160000,330,95000,206,72500,22,53545
,,"W07000070","Cynon Valley",,,767,75000,119,155000,176,100000,443,58000,29,67000
,,"W07000071","Merthyr Tydfil and Rhymney",,,704,82000,140,192995,146,99500,409,65000,9,63000
,,"W07000072","Blaenau Gwent",,,618,72000,65,155000,160,88750,376,60000,17,42000
,,"W07000073","Bridgend",,,1187,145000,414,200000,450,130000,264,110000,59,90000
,,"W07000074","Ogmore",,,944,114500,253,192995,356,115000,316,75000,19,70000
,,"W07000075","Pontypridd",,,1020,122000,243,218500,334,124000,391,92500,52,76710
,,"W07000076","Caerphilly",,,1125,125000,268,204995,427,125000,402,99950,28,80750
,,"W07000077","Islwyn",,,741,99999,154,176500,299,101000,281,82000,7,70000
,,"W07000078","Vale of Glamorgan",,,1248,165000,398,250000,372,162500,378,118000,100,107500
,,"W07000079","Cardiff West",,,1192,166000,174,290000,306,155000,529,167900,183,115000
,,"W07000080","Cardiff South and Penarth",,,1526,147000,178,249000,343,157000,565,136000,440,130000